{
    "Meta Data": {
        "1. Information": "Intraday (5min) open, high, low, close prices and volume",
        "2. Symbol": "AAPL",
        "3. Last Refreshed": "2025-02-14 19:55:00",
        "4. Interval": "5min",
        "5. Output Size": "Compact",
        "6. Time Zone": "US/Eastern"
    },
    "Time Series (5min)": {
        "2025-02-14 19:55:00": {
            "1. open": "244.7100",
            "2. high": "244.7500",
            "3. low": "244.5000",
            "4. close": "244.6400",
            "5. volume": "2096"
        },
        "2025-02-14 19:50:00": {
            "1. open": "244.7500",
            "2. high": "244.7500",
            "3. low": "244.6600",
            "4. close": "244.7400",
            "5. volume": "626"
        },
        "2025-02-14 19:45:00": {
            "1. open": "244.6700",
            "2. high": "244.7800",
            "3. low": "244.6500",
            "4. close": "244.7100",
            "5. volume": "725"
        },
        "2025-02-14 19:40:00": {
            "1. open": "244.6200",
            "2. high": "244.7800",
            "3. low": "244.5100",
            "4. close": "244.7800",
            "5. volume": "456"
        },
        "2025-02-14 19:35:00": {
            "1. open": "244.5101",
            "2. high": "244.7800",
            "3. low": "244.5101",
            "4. close": "244.6014",
            "5. volume": "330"
        },
        "2025-02-14 19:30:00": {
            "1. open": "244.6500",
            "2. high": "244.7700",
            "3. low": "244.5100",
            "4. close": "244.7700",
            "5. volume": "492"
        },
        "2025-02-14 19:25:00": {
            "1. open": "244.5500",
            "2. high": "244.7800",
            "3. low": "244.5000",
            "4. close": "244.6500",
            "5. volume": "295"
        },
        "2025-02-14 19:20:00": {
            "1. open": "244.5200",
            "2. high": "244.7828",
            "3. low": "244.5000",
            "4. close": "244.5500",
            "5. volume": "828"
        },
        "2025-02-14 19:15:00": {
            "1. open": "244.6463",
            "2. high": "244.6500",
            "3. low": "244.5000",
            "4. close": "244.5037",
            "5. volume": "650"
        },
        "2025-02-14 19:10:00": {
            "1. open": "244.5000",
            "2. high": "244.5900",
            "3. low": "244.5000",
            "4. close": "244.5100",
            "5. volume": "725"
        },
        "2025-02-14 19:05:00": {
            "1. open": "244.6800",
            "2. high": "244.7800",
            "3. low": "244.5000",
            "4. close": "244.5500",
            "5. volume": "989"
        },
        "2025-02-14 19:00:00": {
            "1. open": "244.5075",
            "2. high": "244.8000",
            "3. low": "244.5000",
            "4. close": "244.7800",
            "5. volume": "565"
        },
        "2025-02-14 18:55:00": {
            "1. open": "244.5000",
            "2. high": "244.7925",
            "3. low": "244.5000",
            "4. close": "244.6700",
            "5. volume": "42348"
        },
        "2025-02-14 18:50:00": {
            "1. open": "244.6000",
            "2. high": "244.6000",
            "3. low": "244.4800",
            "4. close": "244.5100",
            "5. volume": "573"
        },
        "2025-02-14 18:45:00": {
            "1. open": "244.5550",
            "2. high": "244.5800",
            "3. low": "244.3600",
            "4. close": "244.4812",
            "5. volume": "1541"
        },
        "2025-02-14 18:40:00": {
            "1. open": "244.4000",
            "2. high": "244.6000",
            "3. low": "244.3600",
            "4. close": "244.4100",
            "5. volume": "385"
        },
        "2025-02-14 18:35:00": {
            "1. open": "244.3600",
            "2. high": "244.5847",
            "3. low": "244.2500",
            "4. close": "244.4400",
            "5. volume": "508"
        },
        "2025-02-14 18:30:00": {
            "1. open": "244.4582",
            "2. high": "244.5654",
            "3. low": "244.3560",
            "4. close": "244.3560",
            "5. volume": "1297"
        },
        "2025-02-14 18:25:00": {
            "1. open": "244.4600",
            "2. high": "244.4600",
            "3. low": "244.4500",
            "4. close": "244.4500",
            "5. volume": "446"
        },
        "2025-02-14 18:20:00": {
            "1. open": "244.5000",
            "2. high": "244.5000",
            "3. low": "244.4500",
            "4. close": "244.4500",
            "5. volume": "1512"
        },
        "2025-02-14 18:15:00": {
            "1. open": "244.5000",
            "2. high": "244.5900",
            "3. low": "244.4500",
            "4. close": "244.4600",
            "5. volume": "288"
        },
        "2025-02-14 18:10:00": {
            "1. open": "244.5000",
            "2. high": "244.5700",
            "3. low": "244.4500",
            "4. close": "244.5000",
            "5. volume": "916"
        },
        "2025-02-14 18:05:00": {
            "1. open": "244.4800",
            "2. high": "244.6000",
            "3. low": "244.4500",
            "4. close": "244.5000",
            "5. volume": "3235"
        },
        "2025-02-14 18:00:00": {
            "1. open": "244.5800",
            "2. high": "244.5800",
            "3. low": "244.4100",
            "4. close": "244.4500",
            "5. volume": "974"
        },
        "2025-02-14 17:55:00": {
            "1. open": "244.5000",
            "2. high": "244.6000",
            "3. low": "244.4100",
            "4. close": "244.4900",
            "5. volume": "1125"
        },
        "2025-02-14 17:50:00": {
            "1. open": "244.4800",
            "2. high": "244.6000",
            "3. low": "244.4100",
            "4. close": "244.5900",
            "5. volume": "3398"
        },
        "2025-02-14 17:45:00": {
            "1. open": "244.4500",
            "2. high": "244.4988",
            "3. low": "244.4000",
            "4. close": "244.4900",
            "5. volume": "916"
        },
        "2025-02-14 17:40:00": {
            "1. open": "244.5000",
            "2. high": "244.5000",
            "3. low": "244.4000",
            "4. close": "244.4500",
            "5. volume": "1234"
        },
        "2025-02-14 17:35:00": {
            "1. open": "244.4000",
            "2. high": "244.5000",
            "3. low": "244.3600",
            "4. close": "244.4000",
            "5. volume": "2230"
        },
        "2025-02-14 17:30:00": {
            "1. open": "244.3600",
            "2. high": "244.5000",
            "3. low": "244.3600",
            "4. close": "244.4000",
            "5. volume": "1086"
        },
        "2025-02-14 17:25:00": {
            "1. open": "244.3900",
            "2. high": "244.4888",
            "3. low": "243.2133",
            "4. close": "244.4200",
            "5. volume": "781"
        },
        "2025-02-14 17:20:00": {
            "1. open": "244.2800",
            "2. high": "244.5000",
            "3. low": "244.2800",
            "4. close": "244.4700",
            "5. volume": "1790"
        },
        "2025-02-14 17:15:00": {
            "1. open": "243.2133",
            "2. high": "244.4600",
            "3. low": "243.2133",
            "4. close": "244.3000",
            "5. volume": "3418"
        },
        "2025-02-14 17:10:00": {
            "1. open": "244.3988",
            "2. high": "244.4000",
            "3. low": "244.1000",
            "4. close": "244.1300",
            "5. volume": "7963"
        },
        "2025-02-14 17:05:00": {
            "1. open": "244.3200",
            "2. high": "244.5000",
            "3. low": "244.0800",
            "4. close": "244.3500",
            "5. volume": "18227"
        },
        "2025-02-14 17:00:00": {
            "1. open": "244.7900",
            "2. high": "244.7900",
            "3. low": "244.1800",
            "4. close": "244.2600",
            "5. volume": "518529"
        },
        "2025-02-14 16:55:00": {
            "1. open": "244.8500",
            "2. high": "244.8785",
            "3. low": "244.6000",
            "4. close": "244.8100",
            "5. volume": "50252"
        },
        "2025-02-14 16:50:00": {
            "1. open": "244.7800",
            "2. high": "244.8800",
            "3. low": "244.6000",
            "4. close": "244.8700",
            "5. volume": "5714"
        },
        "2025-02-14 16:45:00": {
            "1. open": "244.7700",
            "2. high": "244.8632",
            "3. low": "244.7600",
            "4. close": "244.7800",
            "5. volume": "7385"
        },
        "2025-02-14 16:40:00": {
            "1. open": "244.7200",
            "2. high": "244.8000",
            "3. low": "244.7000",
            "4. close": "244.7600",
            "5. volume": "9830"
        },
        "2025-02-14 16:35:00": {
            "1. open": "244.6600",
            "2. high": "244.7700",
            "3. low": "244.6600",
            "4. close": "244.7200",
            "5. volume": "5694"
        },
        "2025-02-14 16:30:00": {
            "1. open": "244.7200",
            "2. high": "244.7888",
            "3. low": "244.6600",
            "4. close": "244.7000",
            "5. volume": "8245"
        },
        "2025-02-14 16:25:00": {
            "1. open": "244.8300",
            "2. high": "244.8800",
            "3. low": "244.7100",
            "4. close": "244.7210",
            "5. volume": "20551"
        },
        "2025-02-14 16:20:00": {
            "1. open": "244.6000",
            "2. high": "244.9000",
            "3. low": "244.6000",
            "4. close": "244.8885",
            "5. volume": "15317"
        },
        "2025-02-14 16:15:00": {
            "1. open": "244.9467",
            "2. high": "245.0000",
            "3. low": "244.6000",
            "4. close": "244.9000",
            "5. volume": "4286"
        },
        "2025-02-14 16:10:00": {
            "1. open": "244.8400",
            "2. high": "245.0000",
            "3. low": "244.2976",
            "4. close": "244.9500",
            "5. volume": "23415"
        },
        "2025-02-14 16:05:00": {
            "1. open": "244.6700",
            "2. high": "244.8700",
            "3. low": "244.6000",
            "4. close": "244.8100",
            "5. volume": "229595"
        },
        "2025-02-14 16:00:00": {
            "1. open": "244.5700",
            "2. high": "244.7100",
            "3. low": "244.5100",
            "4. close": "244.6700",
            "5. volume": "12431043"
        },
        "2025-02-14 15:55:00": {
            "1. open": "245.0400",
            "2. high": "245.1100",
            "3. low": "244.5000",
            "4. close": "244.5700",
            "5. volume": "1949557"
        },
        "2025-02-14 15:50:00": {
            "1. open": "244.3300",
            "2. high": "245.5500",
            "3. low": "244.2500",
            "4. close": "245.0300",
            "5. volume": "1392617"
        },
        "2025-02-14 15:45:00": {
            "1. open": "244.3100",
            "2. high": "244.3800",
            "3. low": "244.2000",
            "4. close": "244.3200",
            "5. volume": "405861"
        },
        "2025-02-14 15:40:00": {
            "1. open": "244.2800",
            "2. high": "244.3800",
            "3. low": "244.0500",
            "4. close": "244.3100",
            "5. volume": "367781"
        },
        "2025-02-14 15:35:00": {
            "1. open": "244.3100",
            "2. high": "244.3667",
            "3. low": "244.1500",
            "4. close": "244.2701",
            "5. volume": "396352"
        },
        "2025-02-14 15:30:00": {
            "1. open": "244.0900",
            "2. high": "244.3400",
            "3. low": "243.9100",
            "4. close": "244.3034",
            "5. volume": "370467"
        },
        "2025-02-14 15:25:00": {
            "1. open": "244.1800",
            "2. high": "244.2500",
            "3. low": "244.0500",
            "4. close": "244.0900",
            "5. volume": "232835"
        },
        "2025-02-14 15:20:00": {
            "1. open": "244.1487",
            "2. high": "244.2390",
            "3. low": "244.1100",
            "4. close": "244.1800",
            "5. volume": "238465"
        },
        "2025-02-14 15:15:00": {
            "1. open": "244.1500",
            "2. high": "244.2400",
            "3. low": "243.9608",
            "4. close": "244.1488",
            "5. volume": "266819"
        },
        "2025-02-14 15:10:00": {
            "1. open": "244.1410",
            "2. high": "244.1600",
            "3. low": "243.9900",
            "4. close": "244.1400",
            "5. volume": "186233"
        },
        "2025-02-14 15:05:00": {
            "1. open": "244.1500",
            "2. high": "244.1800",
            "3. low": "243.9101",
            "4. close": "244.1400",
            "5. volume": "187458"
        },
        "2025-02-14 15:00:00": {
            "1. open": "244.2650",
            "2. high": "244.2650",
            "3. low": "243.9300",
            "4. close": "244.1550",
            "5. volume": "335219"
        },
        "2025-02-14 14:55:00": {
            "1. open": "244.2201",
            "2. high": "244.2900",
            "3. low": "244.1600",
            "4. close": "244.2683",
            "5. volume": "151307"
        },
        "2025-02-14 14:50:00": {
            "1. open": "244.1050",
            "2. high": "244.3000",
            "3. low": "244.0000",
            "4. close": "244.2400",
            "5. volume": "181244"
        },
        "2025-02-14 14:45:00": {
            "1. open": "244.2620",
            "2. high": "244.2900",
            "3. low": "244.0750",
            "4. close": "244.1100",
            "5. volume": "158609"
        },
        "2025-02-14 14:40:00": {
            "1. open": "244.3200",
            "2. high": "244.3700",
            "3. low": "244.2000",
            "4. close": "244.2500",
            "5. volume": "150882"
        },
        "2025-02-14 14:35:00": {
            "1. open": "244.2157",
            "2. high": "244.3200",
            "3. low": "244.1250",
            "4. close": "244.3200",
            "5. volume": "136356"
        },
        "2025-02-14 14:30:00": {
            "1. open": "244.1400",
            "2. high": "244.3400",
            "3. low": "244.1200",
            "4. close": "244.2100",
            "5. volume": "202519"
        },
        "2025-02-14 14:25:00": {
            "1. open": "244.0900",
            "2. high": "244.1700",
            "3. low": "244.0001",
            "4. close": "244.1400",
            "5. volume": "185731"
        },
        "2025-02-14 14:20:00": {
            "1. open": "244.0738",
            "2. high": "244.1700",
            "3. low": "243.9400",
            "4. close": "244.0900",
            "5. volume": "164833"
        },
        "2025-02-14 14:15:00": {
            "1. open": "244.2850",
            "2. high": "244.2850",
            "3. low": "243.9700",
            "4. close": "244.0800",
            "5. volume": "146844"
        },
        "2025-02-14 14:10:00": {
            "1. open": "244.0800",
            "2. high": "244.3000",
            "3. low": "244.0800",
            "4. close": "244.2900",
            "5. volume": "204683"
        },
        "2025-02-14 14:05:00": {
            "1. open": "244.0705",
            "2. high": "244.2100",
            "3. low": "243.9800",
            "4. close": "244.0861",
            "5. volume": "160440"
        },
        "2025-02-14 14:00:00": {
            "1. open": "244.1602",
            "2. high": "244.2400",
            "3. low": "244.0700",
            "4. close": "244.0900",
            "5. volume": "143869"
        },
        "2025-02-14 13:55:00": {
            "1. open": "244.2800",
            "2. high": "244.3300",
            "3. low": "244.0800",
            "4. close": "244.1600",
            "5. volume": "138787"
        },
        "2025-02-14 13:50:00": {
            "1. open": "244.4000",
            "2. high": "244.4500",
            "3. low": "244.0900",
            "4. close": "244.2900",
            "5. volume": "147970"
        },
        "2025-02-14 13:45:00": {
            "1. open": "244.3600",
            "2. high": "244.5400",
            "3. low": "244.2800",
            "4. close": "244.4000",
            "5. volume": "226177"
        },
        "2025-02-14 13:40:00": {
            "1. open": "244.2979",
            "2. high": "244.3800",
            "3. low": "244.2300",
            "4. close": "244.3600",
            "5. volume": "132773"
        },
        "2025-02-14 13:35:00": {
            "1. open": "244.4000",
            "2. high": "244.4700",
            "3. low": "244.1900",
            "4. close": "244.2900",
            "5. volume": "153263"
        },
        "2025-02-14 13:30:00": {
            "1. open": "243.9800",
            "2. high": "244.4200",
            "3. low": "243.9800",
            "4. close": "244.3950",
            "5. volume": "173609"
        },
        "2025-02-14 13:25:00": {
            "1. open": "244.1800",
            "2. high": "244.1800",
            "3. low": "243.8000",
            "4. close": "243.9999",
            "5. volume": "140109"
        },
        "2025-02-14 13:20:00": {
            "1. open": "244.1350",
            "2. high": "244.2300",
            "3. low": "244.0510",
            "4. close": "244.1700",
            "5. volume": "124153"
        },
        "2025-02-14 13:15:00": {
            "1. open": "243.9846",
            "2. high": "244.1800",
            "3. low": "243.9300",
            "4. close": "244.1300",
            "5. volume": "179549"
        },
        "2025-02-14 13:10:00": {
            "1. open": "244.2900",
            "2. high": "244.3200",
            "3. low": "243.9432",
            "4. close": "244.0000",
            "5. volume": "183109"
        },
        "2025-02-14 13:05:00": {
            "1. open": "244.0506",
            "2. high": "244.3000",
            "3. low": "243.9400",
            "4. close": "244.2900",
            "5. volume": "175320"
        },
        "2025-02-14 13:00:00": {
            "1. open": "243.9150",
            "2. high": "244.0600",
            "3. low": "243.8300",
            "4. close": "244.0600",
            "5. volume": "152471"
        },
        "2025-02-14 12:55:00": {
            "1. open": "243.9300",
            "2. high": "244.0100",
            "3. low": "243.7200",
            "4. close": "243.9100",
            "5. volume": "225332"
        },
        "2025-02-14 12:50:00": {
            "1. open": "243.6203",
            "2. high": "243.9700",
            "3. low": "243.6203",
            "4. close": "243.9300",
            "5. volume": "233791"
        },
        "2025-02-14 12:45:00": {
            "1. open": "243.4400",
            "2. high": "243.6900",
            "3. low": "243.3450",
            "4. close": "243.6500",
            "5. volume": "182717"
        },
        "2025-02-14 12:40:00": {
            "1. open": "243.6173",
            "2. high": "243.7000",
            "3. low": "243.3400",
            "4. close": "243.4200",
            "5. volume": "224211"
        },
        "2025-02-14 12:35:00": {
            "1. open": "243.5300",
            "2. high": "243.7500",
            "3. low": "243.5000",
            "4. close": "243.6300",
            "5. volume": "396268"
        },
        "2025-02-14 12:30:00": {
            "1. open": "243.8150",
            "2. high": "243.8697",
            "3. low": "243.5200",
            "4. close": "243.5400",
            "5. volume": "209040"
        },
        "2025-02-14 12:25:00": {
            "1. open": "244.1650",
            "2. high": "244.1800",
            "3. low": "243.7901",
            "4. close": "243.8100",
            "5. volume": "254255"
        },
        "2025-02-14 12:20:00": {
            "1. open": "244.4150",
            "2. high": "244.5300",
            "3. low": "244.0900",
            "4. close": "244.1650",
            "5. volume": "265839"
        },
        "2025-02-14 12:15:00": {
            "1. open": "243.9000",
            "2. high": "244.4400",
            "3. low": "243.8950",
            "4. close": "244.4000",
            "5. volume": "578407"
        },
        "2025-02-14 12:10:00": {
            "1. open": "243.9316",
            "2. high": "244.0400",
            "3. low": "243.6900",
            "4. close": "243.8900",
            "5. volume": "291134"
        },
        "2025-02-14 12:05:00": {
            "1. open": "244.2900",
            "2. high": "244.3200",
            "3. low": "243.9121",
            "4. close": "243.9500",
            "5. volume": "695191"
        },
        "2025-02-14 12:00:00": {
            "1. open": "244.3700",
            "2. high": "244.4400",
            "3. low": "244.1950",
            "4. close": "244.2850",
            "5. volume": "228917"
        },
        "2025-02-14 11:55:00": {
            "1. open": "244.3700",
            "2. high": "244.4500",
            "3. low": "244.2400",
            "4. close": "244.3800",
            "5. volume": "243686"
        },
        "2025-02-14 11:50:00": {
            "1. open": "244.0500",
            "2. high": "244.4200",
            "3. low": "244.0200",
            "4. close": "244.3800",
            "5. volume": "290998"
        },
        "2025-02-14 11:45:00": {
            "1. open": "244.0652",
            "2. high": "244.4100",
            "3. low": "243.9300",
            "4. close": "244.0350",
            "5. volume": "354647"
        },
        "2025-02-14 11:40:00": {
            "1. open": "243.9200",
            "2. high": "244.1150",
            "3. low": "243.8550",
            "4. close": "244.0645",
            "5. volume": "448347"
        }
    }
}